{
  "HTTP请求" : {
    "transaction" : "HTTP请求",
    "sampleCount" : 10000,
    "errorCount" : 1329,
    "errorPct" : 13.29,
    "meanResTime" : 9766.46509999999,
    "medianResTime" : 8974.0,
    "minResTime" : 199.0,
    "maxResTime" : 21102.0,
    "pct1ResTime" : 18741.9,
    "pct2ResTime" : 19659.0,
    "pct3ResTime" : 20663.97,
    "throughput" : 469.2852785208128,
    "receivedKBytesPerSec" : 327.30210093153124,
    "sentKBytesPerSec" : 101.72931625134919
  },
  "Total" : {
    "transaction" : "Total",
    "sampleCount" : 10000,
    "errorCount" : 1329,
    "errorPct" : 13.29,
    "meanResTime" : 9766.46509999999,
    "medianResTime" : 8974.0,
    "minResTime" : 199.0,
    "maxResTime" : 21102.0,
    "pct1ResTime" : 18741.9,
    "pct2ResTime" : 19659.0,
    "pct3ResTime" : 20663.97,
    "throughput" : 469.2852785208128,
    "receivedKBytesPerSec" : 327.30210093153124,
    "sentKBytesPerSec" : 101.72931625134919
  }
}